"Data Source","World Development Indicators",

"Last Updated Date","2017-10-18",

"Country Name","Country Code","Indicator Name","Indicator Code","1960","1961","1962","1963","1964","1965","1966","1967","1968","1969","1970","1971","1972","1973","1974","1975","1976","1977","1978","1979","1980","1981","1982","1983","1984","1985","1986","1987","1988","1989","1990","1991","1992","1993","1994","1995","1996","1997","1998","1999","2000","2001","2002","2003","2004","2005","2006","2007","2008","2009","2010","2011","2012","2013","2014","2015","2016",
"Aruba","ABW","Literacy rate, adult total (% of people ages 15 and above)","SE.ADT.LITR.ZS","","","","","","","","","","","","","","","","","","","","","","","","","","","","","","","","","","","","","","","","","97.29125","","","","","","","","","","96.82264","","","","","","",
"Afghanistan","AFG","Literacy rate, adult total (% of people ages 15 and above)","SE.ADT.LITR.ZS","","","","","","","","","","","","","","","","","","","","","","","","","","","","","","","","","","","","","","","","","","","","","","","","","","","","31.74112","","","","","",
"Angola","AGO","Literacy rate, adult total (% of people ages 15 and above)","SE.ADT.LITR.ZS","","","","","","","","","","","","","","","","","","","","","","","","","","","","","","","","","","","","","","","","","","67.40542","","","","","","","","","","","","","66.03011","","",
"Albania","ALB","Literacy rate, adult total (% of people ages 15 and above)","SE.ADT.LITR.ZS","","","","","","","","","","","","","","","","","","","","","","","","","","","","","","","","","","","","","","","","","","98.71298","","","","","","","95.93864","","","96.8453","97.24697","","","","",
"Andorra","AND","Literacy rate, adult total (% of people ages 15 and above)","SE.ADT.LITR.ZS","","","","","","","","","","","","","","","","","","","","","","","","","","","","","","","","","","","","","","","","","","","","","","","","","","","","","","","","100","100",
"Arab World","ARB","Literacy rate, adult total (% of people ages 15 and above)","SE.ADT.LITR.ZS","","","","","","","","","","","","","","","","","","","","","","","","","","","","","","","","","","","","","","","","","","","","","","","","","","","","","","","","","",
"United Arab Emirates","ARE","Literacy rate, adult total (% of people ages 15 and above)","SE.ADT.LITR.ZS","","","","","","","","","","","","","","","","","","","","","","","","","","","","","","","","","","","","","","","","","","","","","","90.03385","","","","","","","","","","","",
"Argentina","ARG","Literacy rate, adult total (% of people ages 15 and above)","SE.ADT.LITR.ZS","","","","","","","","","","","","","","","","","","","","","","","","","","","","","","","","","","","","","","","","","","97.19331","","","","","","","","","","","","","","98.09","",
"Armenia","ARM","Literacy rate, adult total (% of people ages 15 and above)","SE.ADT.LITR.ZS","","","","","","","","","","","","","","","","","","","","","","","","","","","","","","","","","","","","","","","","","","99.40016","","","","","","","","","","99.74441","","","","","",
"American Samoa","ASM","Literacy rate, adult total (% of people ages 15 and above)","SE.ADT.LITR.ZS","","","","","","","","","","","","","","","","","","","","","","","","","","","","","","","","","","","","","","","","","","","","","","","","","","","","","","","","","",
"Antigua and Barbuda","ATG","Literacy rate, adult total (% of people ages 15 and above)","SE.ADT.LITR.ZS","","","","","","","","","","","","","","","","","","","","","","","","","","","","","","","","","","","","","","","","","","98.95","","","","","","","","","","","","","","","",
"Australia","AUS","Literacy rate, adult total (% of people ages 15 and above)","SE.ADT.LITR.ZS","","","","","","","","","","","","","","","","","","","","","","","","","","","","","","","","","","","","","","","","","","","","","","","","","","","","","","","","","",
"Austria","AUT","Literacy rate, adult total (% of people ages 15 and above)","SE.ADT.LITR.ZS","","","","","","","","","","","","","","","","","","","","","","","","","","","","","","","","","","","","","","","","","","","","","","","","","","","","","","","","","",
"Azerbaijan","AZE","Literacy rate, adult total (% of people ages 15 and above)","SE.ADT.LITR.ZS","","","","","","","","","","","","","","","","","","","","","","","","","","","","","","","","","","","","","","","","98.7918","","","","","","","","99.60191","","99.75984","99.77114","99.77863","99.77577","99.78936","99.78899","99.78806","99.79006",
"Burundi","BDI","Literacy rate, adult total (% of people ages 15 and above)","SE.ADT.LITR.ZS","","","","","","","","","","","","","","","","","","","","","","","","","","","","","","","","","","","","","","","","","59.30362","","","","","","","","48.08406","","","","","","61.56973","","",
"Belgium","BEL","Literacy rate, adult total (% of people ages 15 and above)","SE.ADT.LITR.ZS","","","","","","","","","","","","","","","","","","","","","","","","","","","","","","","","","","","","","","","","","","","","","","","","","","","","","","","","","",
"Benin","BEN","Literacy rate, adult total (% of people ages 15 and above)","SE.ADT.LITR.ZS","","","","","","","","","","","","","","","","","","","","","","","","","","","","","","","","","","","","","","","","","","","34.65785","","","","28.70211","","","","","","32.94882","","","","",
"Burkina Faso","BFA","Literacy rate, adult total (% of people ages 15 and above)","SE.ADT.LITR.ZS","","","","","","","","","","","","","","","","","","","","","","","","","","","","","","","","","","","","","","","","","","","","21.82292","","23.55372","22.47258","28.72921","","","","","","","34.5994","","",
"Bangladesh","BGD","Literacy rate, adult total (% of people ages 15 and above)","SE.ADT.LITR.ZS","","","","","","","","","","","","","","","","","","","","","","","","","","","","","","","","","","","","","","","","","","47.4855","","","","","","46.6636","","","","47.07731","","","","","72.75872",
"Bulgaria","BGR","Literacy rate, adult total (% of people ages 15 and above)","SE.ADT.LITR.ZS","","","","","","","","","","","","","","","","","","","","","","","","","","","","","","","","","","","","","","","","","","98.20356","","","","","","","","","","98.35245","","","","","",
"Bahrain","BHR","Literacy rate, adult total (% of people ages 15 and above)","SE.ADT.LITR.ZS","","","","","","","","","","","","","","","","","","","","","","","","","","","","","","","","","","","","","","","","","","86.54874","","","","","","","","","94.55679","","","","","","",
"Bahamas, The","BHS","Literacy rate, adult total (% of people ages 15 and above)","SE.ADT.LITR.ZS","","","","","","","","","","","","","","","","","","","","","","","","","","","","","","","","","","","","","","","","","","","","","","","","","","","","","","","","","",
"Bosnia and Herzegovina","BIH","Literacy rate, adult total (% of people ages 15 and above)","SE.ADT.LITR.ZS","","","","","","","","","","","","","","","","","","","","","","","","","","","","","","","","","","","","","","","","","96.6631","","","","","","","","","","","98.14204","","96.99177","","","",
"Belarus","BLR","Literacy rate, adult total (% of people ages 15 and above)","SE.ADT.LITR.ZS","","","","","","","","","","","","","","","","","","","","","","","","","","","","","","","","","","","","","","","","99.59073","","","","","","","","","","99.61706","","","","","","","",
"Belize","BLZ","Literacy rate, adult total (% of people ages 15 and above)","SE.ADT.LITR.ZS","","","","","","","","","","","","","","","","","","","","","","","","","","","","","","","","","","","","","","","","","","","","","","","","","","","","","","","","","",
"Bermuda","BMU","Literacy rate, adult total (% of people ages 15 and above)","SE.ADT.LITR.ZS","","","","","","","","","","","","","","","","","","","","","","","","","","","","","","","","","","","","","","","","","","","","","","","","","","","","","","","","","",
"Bolivia","BOL","Literacy rate, adult total (% of people ages 15 and above)","SE.ADT.LITR.ZS","","","","","","","","","","","","","","","","","","","","","","","","","","","","","","","","","","","","","","","","","","86.72367","","","","","","90.74347","90.69811","91.16783","","92.22615","94.46057","","","92.45508","",
"Brazil","BRA","Literacy rate, adult total (% of people ages 15 and above)","SE.ADT.LITR.ZS","","","","","","","","","","","","","","","","","","","","","","","","","","","","","","","","","","","","","","","","","86.36788","","","","88.61624","","89.61523","90.00937","90.03662","90.29821","90.37918","91.41124","91.33785","91.48424","91.72943","","",
"Barbados","BRB","Literacy rate, adult total (% of people ages 15 and above)","SE.ADT.LITR.ZS","","","","","","","","","","","","","","","","","","","","","","","","","","","","","","","","","","","","","","","","","","","","","","","","","","","","","","","","","",
"Brunei Darussalam","BRN","Literacy rate, adult total (% of people ages 15 and above)","SE.ADT.LITR.ZS","","","","","","","","","","","","","","","","","","","","","","","","","","","","","","","","","","","","","","","","","","92.67113","","","","","","","","","","96.08556","","","","","",
"Bhutan","BTN","Literacy rate, adult total (% of people ages 15 and above)","SE.ADT.LITR.ZS","","","","","","","","","","","","","","","","","","","","","","","","","","","","","","","","","","","","","","","","","","","","","","52.81469","","","","","","","57.0336","","","","",
"Botswana","BWA","Literacy rate, adult total (% of people ages 15 and above)","SE.ADT.LITR.ZS","","","","","","","","","","","","","","","","","","","","","","","","","","","","","","","","","","","","","","","","","","","","81.18871","","","","","","","","","","","","","",
"Central African Republic","CAF","Literacy rate, adult total (% of people ages 15 and above)","SE.ADT.LITR.ZS","","","","","","","","","","","","","","","","","","","","","","","","","","","","","","","","","","","","","","","","","50.64517","","","","","","","","","","36.75261","","","","","","",
"Canada","CAN","Literacy rate, adult total (% of people ages 15 and above)","SE.ADT.LITR.ZS","","","","","","","","","","","","","","","","","","","","","","","","","","","","","","","","","","","","","","","","","","","","","","","","","","","","","","","","","",
"Central Europe and the Baltics","CEB","Literacy rate, adult total (% of people ages 15 and above)","SE.ADT.LITR.ZS","","","","","","","","","","","","","","","","","","","","","","","","","","","","","","","","","","","","","","","","","","","","","","","","","","","","","","","","","",
"Switzerland","CHE","Literacy rate, adult total (% of people ages 15 and above)","SE.ADT.LITR.ZS","","","","","","","","","","","","","","","","","","","","","","","","","","","","","","","","","","","","","","","","","","","","","","","","","","","","","","","","","",
"Channel Islands","CHI","Literacy rate, adult total (% of people ages 15 and above)","SE.ADT.LITR.ZS","","","","","","","","","","","","","","","","","","","","","","","","","","","","","","","","","","","","","","","","","","","","","","","","","","","","","","","","","",
"Chile","CHL","Literacy rate, adult total (% of people ages 15 and above)","SE.ADT.LITR.ZS","","","","","","","","","","","","","","","","","","","","","","","","","","","","","","","","","","","","","","","","","","","95.71662","","","","","","98.64901","98.55368","","96.70301","","96.26706","","","",
"China","CHN","Literacy rate, adult total (% of people ages 15 and above)","SE.ADT.LITR.ZS","","","","","","","","","","","","","","","","","","","","","","","","","","","","","","","","","","","","","","","","","90.92021","","","","","","","","","","95.12448","","","","","","",
"Cote d'Ivoire","CIV","Literacy rate, adult total (% of people ages 15 and above)","SE.ADT.LITR.ZS","","","","","","","","","","","","","","","","","","","","","","","","","","","","","","","","","","","","","","","","","48.74076","","","","","","","","","","","","40.98163","","43.90842","","",
"Cameroon","CMR","Literacy rate, adult total (% of people ages 15 and above)","SE.ADT.LITR.ZS","","","","","","","","","","","","","","","","","","","","","","","","","","","","","","","","","","","","","","","","","68.40916","","","","","","","70.67994","","","71.29051","","","","","","",
"Congo, Dem. Rep.","COD","Literacy rate, adult total (% of people ages 15 and above)","SE.ADT.LITR.ZS","","","","","","","","","","","","","","","","","","","","","","","","","","","","","","","","","","","","","","","","","","67.17299","","","","","","61.20555","","","","","75.01719","","","","77.04268",
"Congo, Rep.","COG","Literacy rate, adult total (% of people ages 15 and above)","SE.ADT.LITR.ZS","","","","","","","","","","","","","","","","","","","","","","","","","","","","","","","","","","","","","","","","","","","","","","","","","","","","79.31117","","","","","",
"Colombia","COL","Literacy rate, adult total (% of people ages 15 and above)","SE.ADT.LITR.ZS","","","","","","","","","","","","","","","","","","","","","","","","","","","","","","","","","","","","","","","","","","","","","92.80378","92.84866","92.29968","92.65179","93.37818","93.24469","93.37233","93.58053","","","94.18625","94.24505","",
"Comoros","COM","Literacy rate, adult total (% of people ages 15 and above)","SE.ADT.LITR.ZS","","","","","","","","","","","","","","","","","","","","","","","","","","","","","","","","","","","","","","","","","68.48923","","","","","","","","","","","","49.19614","","","","",
"Cabo Verde","CPV","Literacy rate, adult total (% of people ages 15 and above)","SE.ADT.LITR.ZS","","","","","","","","","","","","","","","","","","","","","","","","","","","","","","","","","","","","","","","","","","","","","","","","","","","","","85.32779","","","86.79029","",
"Costa Rica","CRI","Literacy rate, adult total (% of people ages 15 and above)","SE.ADT.LITR.ZS","","","","","","","","","","","","","","","","","","","","","","","","","","","","","","","","","","","","","","","","","94.86819","","","","","","","","","","","97.40658","","","","","",
"Caribbean small states","CSS","Literacy rate, adult total (% of people ages 15 and above)","SE.ADT.LITR.ZS","","","","","","","","","","","","","","","","","","","","","","","","","","","","","","","","","","","","","","","","","","","","","","","","","","","","","","","","","",
"Cuba","CUB","Literacy rate, adult total (% of people ages 15 and above)","SE.ADT.LITR.ZS","","","","","","","","","","","","","","","","","","","","","","","","","","","","","","","","","","","","","","","","","","","99.79907","","","","","","","","","","99.75253","","","","",
"Curacao","CUW","Literacy rate, adult total (% of people ages 15 and above)","SE.ADT.LITR.ZS","","","","","","","","","","","","","","","","","","","","","","","","","","","","","","","","","","","","","","","","","","","","","","","","","","","","","","","","","",
"Cayman Islands","CYM","Literacy rate, adult total (% of people ages 15 and above)","SE.ADT.LITR.ZS","","","","","","","","","","","","","","","","","","","","","","","","","","","","","","","","","","","","","","","","","","","","","","","","98.86782","","","","","","","","","",
"Cyprus","CYP","Literacy rate, adult total (% of people ages 15 and above)","SE.ADT.LITR.ZS","","","","","","","","","","","","","","","","","","","","","","","","","","","","","","","","","","","","","","","","","","96.80363","","","","","","","","","","98.67843","","","","","",
"Czech Republic","CZE","Literacy rate, adult total (% of people ages 15 and above)","SE.ADT.LITR.ZS","","","","","","","","","","","","","","","","","","","","","","","","","","","","","","","","","","","","","","","","","","","","","","","","","","","","","","","","","",
"Germany","DEU","Literacy rate, adult total (% of people ages 15 and above)","SE.ADT.LITR.ZS","","","","","","","","","","","","","","","","","","","","","","","","","","","","","","","","","","","","","","","","","","","","","","","","","","","","","","","","","",
"Djibouti","DJI","Literacy rate, adult total (% of people ages 15 and above)","SE.ADT.LITR.ZS","","","","","","","","","","","","","","","","","","","","","","","","","","","","","","","","","","","","","","","","","","","","","","","","","","","","","","","","","",
"Dominica","DMA","Literacy rate, adult total (% of people ages 15 and above)","SE.ADT.LITR.ZS","","","","","","","","","","","","","","","","","","","","","","","","","","","","","","","","","","","","","","","","","","","","","","","","","","","","","","","","","",
"Denmark","DNK","Literacy rate, adult total (% of people ages 15 and above)","SE.ADT.LITR.ZS","","","","","","","","","","","","","","","","","","","","","","","","","","","","","","","","","","","","","","","","","","","","","","","","","","","","","","","","","",
"Dominican Republic","DOM","Literacy rate, adult total (% of people ages 15 and above)","SE.ADT.LITR.ZS","","","","","","","","","","","","","","","","","","","","","","","","","","","","","","","","","","","","","","","","","","","86.99647","","","","","88.24446","","","89.53873","90.10638","90.15518","90.85815","91.76376","91.99121","",
"Algeria","DZA","Literacy rate, adult total (% of people ages 15 and above)","SE.ADT.LITR.ZS","","","","","","","","","","","","","","","","","","","","","","","","","","","","","","","","","","","","","","","","","","","69.8735","","","","72.64868","","75.13605","","","","","","","","",
"East Asia & Pacific (excluding high income)","EAP","Literacy rate, adult total (% of people ages 15 and above)","SE.ADT.LITR.ZS","","","","","","","","","","","","","","","","","","","","","","","","","","","","","","","","","","","","","","","","","","","","","","","","","","","","","","","","","",
"Early-demographic dividend","EAR","Literacy rate, adult total (% of people ages 15 and above)","SE.ADT.LITR.ZS","","","","","","","","","","","","","","","","","","","","","","","","","","","","","","","","","","","","","","","","","","","","","","","","","","","","","","","","","",
"East Asia & Pacific","EAS","Literacy rate, adult total (% of people ages 15 and above)","SE.ADT.LITR.ZS","","","","","","","","","","","","","","","","","","","","","","","","","","","","","","","","","","","","","","","","","","","","","","","","","","","","","","","","","",
"Europe & Central Asia (excluding high income)","ECA","Literacy rate, adult total (% of people ages 15 and above)","SE.ADT.LITR.ZS","","","","","","","","","","","","","","","","","","","","","","","","","","","","","","","","","","","","","","","","","","","","","","","","","","","","","","","","","",
"Europe & Central Asia","ECS","Literacy rate, adult total (% of people ages 15 and above)","SE.ADT.LITR.ZS","","","","","","","","","","","","","","","","","","","","","","","","","","","","","","","","","","","","","","","","","","","","","","","","","","","","","","","","","",
"Ecuador","ECU","Literacy rate, adult total (% of people ages 15 and above)","SE.ADT.LITR.ZS","","","","","","","","","","","","","","","","","","","","","","","","","","","","","","","","","","","","","","","","","","90.98403","","","","","","84.19272","","84.20696","91.85404","91.5869","92.06473","93.29463","94.22264","94.45566","94.35023",
"Egypt, Arab Rep.","EGY","Literacy rate, adult total (% of people ages 15 and above)","SE.ADT.LITR.ZS","","","","","","","","","","","","","","","","","","","","","","","","","","","","","","","","","","","","","","","","","","","","","","71.40886","66.36991","","","","72.04785","","73.86559","75.06073","","","",
"Euro area","EMU","Literacy rate, adult total (% of people ages 15 and above)","SE.ADT.LITR.ZS","","","","","","","","","","","","","","","","","","","","","","","","","","","","","","","","","","","","","","","","","","","","","","","","","","","","","","","","","",
"Eritrea","ERI","Literacy rate, adult total (% of people ages 15 and above)","SE.ADT.LITR.ZS","","","","","","","","","","","","","","","","","","","","","","","","","","","","","","","","","","","","","","","","","","","52.51395","","","","","","64.66297","","","","","","","","",
"Spain","ESP","Literacy rate, adult total (% of people ages 15 and above)","SE.ADT.LITR.ZS","","","","","","","","","","","","","","","","","","","","","","","","","","","","","","","","","","","","","","","","","","","","","97.16512","97.75069","","97.93884","97.63061","97.67927","97.7489","97.78375","97.89454","98.07913","98.09372","98.14326","98.25051",
"Estonia","EST","Literacy rate, adult total (% of people ages 15 and above)","SE.ADT.LITR.ZS","","","","","","","","","","","","","","","","","","","","","","","","","","","","","","","","","","","","","","","","","99.7672","","","","","","","","","","","99.88579","","","","","",
"Ethiopia","ETH","Literacy rate, adult total (% of people ages 15 and above)","SE.ADT.LITR.ZS","","","","","","","","","","","","","","","","","","","","","","","","","","","","","","","","","","","","","","","","","","","","","35.9","29.82034","","38.99598","","","","","","","","","",
"European Union","EUU","Literacy rate, adult total (% of people ages 15 and above)","SE.ADT.LITR.ZS","","","","","","","","","","","","","","","","","","","","","","","","","","","","","","","","","","","","","","","","","","","","","","","","","","","","","","","","","",
"Fragile and conflict affected situations","FCS","Literacy rate, adult total (% of people ages 15 and above)","SE.ADT.LITR.ZS","","","","","","","","","","","","","","","","","","","","","","","","","","","","","","","","","","","","","","","","","","","","","","","","","","","","","","","","","",
"Finland","FIN","Literacy rate, adult total (% of people ages 15 and above)","SE.ADT.LITR.ZS","","","","","","","","","","","","","","","","","","","","","","","","","","","","","","","","","","","","","","","","","","","","","","","","","","","","","","","","","",
"Fiji","FJI","Literacy rate, adult total (% of people ages 15 and above)","SE.ADT.LITR.ZS","","","","","","","","","","","","","","","","","","","","","","","","","","","","","","","","","","","","","","","","","","","","","","","","","","","","","","","","","",
"France","FRA","Literacy rate, adult total (% of people ages 15 and above)","SE.ADT.LITR.ZS","","","","","","","","","","","","","","","","","","","","","","","","","","","","","","","","","","","","","","","","","","","","","","","","","","","","","","","","","",
"Faroe Islands","FRO","Literacy rate, adult total (% of people ages 15 and above)","SE.ADT.LITR.ZS","","","","","","","","","","","","","","","","","","","","","","","","","","","","","","","","","","","","","","","","","","","","","","","","","","","","","","","","","",
"Micronesia, Fed. Sts.","FSM","Literacy rate, adult total (% of people ages 15 and above)","SE.ADT.LITR.ZS","","","","","","","","","","","","","","","","","","","","","","","","","","","","","","","","","","","","","","","","","","","","","","","","","","","","","","","","","",
"Gabon","GAB","Literacy rate, adult total (% of people ages 15 and above)","SE.ADT.LITR.ZS","","","","","","","","","","","","","","","","","","","","","","","","","","","","","","","","","","","","","","","","","","","","","","","","","","","","","82.2838","","","","",
"United Kingdom","GBR","Literacy rate, adult total (% of people ages 15 and above)","SE.ADT.LITR.ZS","","","","","","","","","","","","","","","","","","","","","","","","","","","","","","","","","","","","","","","","","","","","","","","","","","","","","","","","","",
"Georgia","GEO","Literacy rate, adult total (% of people ages 15 and above)","SE.ADT.LITR.ZS","","","","","","","","","","","","","","","","","","","","","","","","","","","","","","","","","","","","","","","","","","","99.65235","","","","","","","","","","","","99.58619","","",
"Ghana","GHA","Literacy rate, adult total (% of people ages 15 and above)","SE.ADT.LITR.ZS","","","","","","","","","","","","","","","","","","","","","","","","","","","","","","","","","","","","","","","","","57.89747","","","","","","","","","","71.49707","","","","","","",
"Gibraltar","GIB","Literacy rate, adult total (% of people ages 15 and above)","SE.ADT.LITR.ZS","","","","","","","","","","","","","","","","","","","","","","","","","","","","","","","","","","","","","","","","","","","","","","","","","","","","","","","","","",
"Guinea","GIN","Literacy rate, adult total (% of people ages 15 and above)","SE.ADT.LITR.ZS","","","","","","","","","","","","","","","","","","","","","","","","","","","","","","","","","","","","","","","","","","","","29.70402","","","","","","","25.30774","","","","32.00386","","",
"Gambia, The","GMB","Literacy rate, adult total (% of people ages 15 and above)","SE.ADT.LITR.ZS","","","","","","","","","","","","","","","","","","","","","","","","","","","","","","","","","","","","","","","","","36.81773","","","","","","","","","","","","","41.95005","","","",
"Guinea-Bissau","GNB","Literacy rate, adult total (% of people ages 15 and above)","SE.ADT.LITR.ZS","","","","","","","","","","","","","","","","","","","","","","","","","","","","","","","","","","","","","","","","","41.35777","","","","","","","","","","","","","","45.58116","","",
"Equatorial Guinea","GNQ","Literacy rate, adult total (% of people ages 15 and above)","SE.ADT.LITR.ZS","","","","","","","","","","","","","","","","","","","","","","","","","","","","","","","","","","","","","","","","","88.3083","","","","","","","","","","","","","","","","",
"Greece","GRC","Literacy rate, adult total (% of people ages 15 and above)","SE.ADT.LITR.ZS","","","","","","","","","","","","","","","","","","","","","","","","","","","","","","","","","","","","","","","","","","95.99436","","","","93.04431","","93.93155","","93.90511","","97.12875","","","","","",
"Grenada","GRD","Literacy rate, adult total (% of people ages 15 and above)","SE.ADT.LITR.ZS","","","","","","","","","","","","","","","","","","","","","","","","","","","","","","","","","","","","","","","","","","","","","","","","","","","","","","","","","",
"Greenland","GRL","Literacy rate, adult total (% of people ages 15 and above)","SE.ADT.LITR.ZS","","","","","","","","","","","","","","","","","","","","","","","","","","","","","","","","","","","","","","","","","","","","","","","","","","","","","","","","100","",
"Guatemala","GTM","Literacy rate, adult total (% of people ages 15 and above)","SE.ADT.LITR.ZS","","","","","","","","","","","","","","","","","","","","","","","","","","","","","","","","","","","","","","","","","","","69.10173","","","","","","","","","","78.26486","77.03867","81.2859","","",
"Guam","GUM","Literacy rate, adult total (% of people ages 15 and above)","SE.ADT.LITR.ZS","","","","","","","","","","","","","","","","","","","","","","","","","","","","","","","","","","","","","","","","","","","","","","","","","","","","","","","","","",
"Guyana","GUY","Literacy rate, adult total (% of people ages 15 and above)","SE.ADT.LITR.ZS","","","","","","","","","","","","","","","","","","","","","","","","","","","","","","","","","","","","","","","","","","","","","","","","","","84.99401","","","","","85.63973","","",
"High income","HIC","Literacy rate, adult total (% of people ages 15 and above)","SE.ADT.LITR.ZS","","","","","","","","","","","","","","","","","","","","","","","","","","","","","","","","","","","","","","","","","","","","","","","","","","","","","","","","","",
"Hong Kong SAR, China","HKG","Literacy rate, adult total (% of people ages 15 and above)","SE.ADT.LITR.ZS","","","","","","","","","","","","","","","","","","","","","","","","","","","","","","","","","","","","","","","","","","","","","","","","","","","","","","","","","",
"Honduras","HND","Literacy rate, adult total (% of people ages 15 and above)","SE.ADT.LITR.ZS","","","","","","","","","","","","","","","","","","","","","","","","","","","","","","","","","","","","","","","","","","80.01103","","","","","","83.58899","","","84.75536","85.1233","85.35555","85.46442","87.19753","87.90683","88.98748",
"Heavily indebted poor countries (HIPC)","HPC","Literacy rate, adult total (% of people ages 15 and above)","SE.ADT.LITR.ZS","","","","","","","","","","","","","","","","","","","","","","","","","","","","","","","","","","","","","","","","","","","","","","","","","","","","","","","","","",
"Croatia","HRV","Literacy rate, adult total (% of people ages 15 and above)","SE.ADT.LITR.ZS","","","","","","","","","","","","","","","","","","","","","","","","","","","","","","","","","","","","","","","","","","98.14668","","","","","","","","","","99.12536","","","","","",
"Haiti","HTI","Literacy rate, adult total (% of people ages 15 and above)","SE.ADT.LITR.ZS","","","","","","","","","","","","","","","","","","","","","","","","","","","","","","","","","","","","","","","","","","","","58.7439","","","48.68502","","","","","","","","","","",
"Hungary","HUN","Literacy rate, adult total (% of people ages 15 and above)","SE.ADT.LITR.ZS","","","","","","","","","","","","","","","","","","","","","","","","","","","","","","","","","","","","","","","","","","","","","","","","","","","","","","","","","",
"IBRD only","IBD","Literacy rate, adult total (% of people ages 15 and above)","SE.ADT.LITR.ZS","","","","","","","","","","","","","","","","","","","","","","","","","","","","","","","","","","","","","","","","","","","","","","","","","","","","","","","","","",
"IDA & IBRD total","IBT","Literacy rate, adult total (% of people ages 15 and above)","SE.ADT.LITR.ZS","","","","","","","","","","","","","","","","","","","","","","","","","","","","","","","","","","","","","","","","","","","","","","","","","","","","","","","","","",
"IDA total","IDA","Literacy rate, adult total (% of people ages 15 and above)","SE.ADT.LITR.ZS","","","","","","","","","","","","","","","","","","","","","","","","","","","","","","","","","","","","","","","","","","","","","","","","","","","","","","","","","",
"IDA blend","IDB","Literacy rate, adult total (% of people ages 15 and above)","SE.ADT.LITR.ZS","","","","","","","","","","","","","","","","","","","","","","","","","","","","","","","","","","","","","","","","","","","","","","","","","","","","","","","","","",
"Indonesia","IDN","Literacy rate, adult total (% of people ages 15 and above)","SE.ADT.LITR.ZS","","","","","","","","","","","","","","","","","","","","","","","","","","","","","","","","","","","","","","","","","","","","","90.38479","","91.98227","","92.1923","92.5817","","92.81191","","","95.11622","95.21793","95.37697",
"IDA only","IDX","Literacy rate, adult total (% of people ages 15 and above)","SE.ADT.LITR.ZS","","","","","","","","","","","","","","","","","","","","","","","","","","","","","","","","","","","","","","","","","","","","","","","","","","","","","","","","","",
"Isle of Man","IMN","Literacy rate, adult total (% of people ages 15 and above)","SE.ADT.LITR.ZS","","","","","","","","","","","","","","","","","","","","","","","","","","","","","","","","","","","","","","","","","","","","","","","","","","","","","","","","","",
"India","IND","Literacy rate, adult total (% of people ages 15 and above)","SE.ADT.LITR.ZS","","","","","","","","","","","","","","","","","","","","","","","","","","","","","","","","","","","","","","","","","","61.01456","","","","","62.75447","","","","","69.30256","","","","","",
"Not classified","INX","Literacy rate, adult total (% of people ages 15 and above)","SE.ADT.LITR.ZS","","","","","","","","","","","","","","","","","","","","","","","","","","","","","","","","","","","","","","","","","","","","","","","","","","","","","","","","","",
"Ireland","IRL","Literacy rate, adult total (% of people ages 15 and above)","SE.ADT.LITR.ZS","","","","","","","","","","","","","","","","","","","","","","","","","","","","","","","","","","","","","","","","","","","","","","","","","","","","","","","","","",
"Iran, Islamic Rep.","IRN","Literacy rate, adult total (% of people ages 15 and above)","SE.ADT.LITR.ZS","","","","","","","","","","","","","","","","","","","","","","","","","","","","","","","","","","","","","","","","","","","77","","","82.4412","82.33132","","82.9623","","","","83.62599","84.6268","84.70524","","",
"Iraq","IRQ","Literacy rate, adult total (% of people ages 15 and above)","SE.ADT.LITR.ZS","","","","","","","","","","","","","","","","","","","","","","","","","","","","","","","","","","","","","","","","","74.0522","","","","","","","","","","","","","43.68328","","","",
"Iceland","ISL","Literacy rate, adult total (% of people ages 15 and above)","SE.ADT.LITR.ZS","","","","","","","","","","","","","","","","","","","","","","","","","","","","","","","","","","","","","","","","","","","","","","","","","","","","","","","","","",
"Israel","ISR","Literacy rate, adult total (% of people ages 15 and above)","SE.ADT.LITR.ZS","","","","","","","","","","","","","","","","","","","","","","","","","","","","","","","","","","","","","","","","","","","","","","","","","","","","","","","","","",
"Italy","ITA","Literacy rate, adult total (% of people ages 15 and above)","SE.ADT.LITR.ZS","","","","","","","","","","","","","","","","","","","","","","","","","","","","","","","","","","","","","","","","","","98.41662","","","","","","","","","","98.84828","","","","","",
"Jamaica","JAM","Literacy rate, adult total (% of people ages 15 and above)","SE.ADT.LITR.ZS","","","","","","","","","","","","","","","","","","","","","","","","","","","","","","","","","","","","","","","","79.92012","","","","","","","","","","","","","","","","","",
"Jordan","JOR","Literacy rate, adult total (% of people ages 15 and above)","SE.ADT.LITR.ZS","","","","","","","","","","","","","","","","","","","","","","","","","","","","","","","","","","","","","","","","","","","","89.89232","","91.13075","","92.19958","","","92.55104","95.90445","97.89032","","","","",
"Japan","JPN","Literacy rate, adult total (% of people ages 15 and above)","SE.ADT.LITR.ZS","","","","","","","","","","","","","","","","","","","","","","","","","","","","","","","","","","","","","","","","","","","","","","","","","","","","","","","","","",
"Kazakhstan","KAZ","Literacy rate, adult total (% of people ages 15 and above)","SE.ADT.LITR.ZS","","","","","","","","","","","","","","","","","","","","","","","","","","","","","","","","","","","","","","","","99.51266","","","","","","","","","","99.73241","99.78163","","","","","","",
"Kenya","KEN","Literacy rate, adult total (% of people ages 15 and above)","SE.ADT.LITR.ZS","","","","","","","","","","","","","","","","","","","","","","","","","","","","","","","","","","","","","","","","","82.22908","","","","","","","72.15703","","","","","","","78.73304","","",
"Kyrgyz Republic","KGZ","Literacy rate, adult total (% of people ages 15 and above)","SE.ADT.LITR.ZS","","","","","","","","","","","","","","","","","","","","","","","","","","","","","","","","","","","","","","","","98.70161","","","","","","","","","","99.24343","","","","","","","",
"Cambodia","KHM","Literacy rate, adult total (% of people ages 15 and above)","SE.ADT.LITR.ZS","","","","","","","","","","","","","","","","","","","","","","","","","","","","","","","","","","","","","","","","","","","","","73.60995","","","","77.58654","73.90003","","","","","","","",
"Kiribati","KIR","Literacy rate, adult total (% of people ages 15 and above)","SE.ADT.LITR.ZS","","","","","","","","","","","","","","","","","","","","","","","","","","","","","","","","","","","","","","","","","","","","","","","","","","","","","","","","","",
"St. Kitts and Nevis","KNA","Literacy rate, adult total (% of people ages 15 and above)","SE.ADT.LITR.ZS","","","","","","","","","","","","","","","","","","","","","","","","","","","","","","","","","","","","","","","","","","","","","","","","","","","","","","","","","",
"Korea, Rep.","KOR","Literacy rate, adult total (% of people ages 15 and above)","SE.ADT.LITR.ZS","","","","","","","","","","","","","","","","","","","","","","","","","","","","","","","","","","","","","","","","","","","","","","","","","","","","","","","","","",
"Kuwait","KWT","Literacy rate, adult total (% of people ages 15 and above)","SE.ADT.LITR.ZS","","","","","","","","","","","","","","","","","","","","","","","","","","","","","","","","","","","","","","","","","","","","","","93.27446","93.28212","93.66419","93.8983","","94.46901","","95.51317","95.58582","","95.68545","",
"Latin America & Caribbean (excluding high income)","LAC","Literacy rate, adult total (% of people ages 15 and above)","SE.ADT.LITR.ZS","","","","","","","","","","","","","","","","","","","","","","","","","","","","","","","","","","","","","","","","","","","","","","","","","","","","","","","","","",
"Lao PDR","LAO","Literacy rate, adult total (% of people ages 15 and above)","SE.ADT.LITR.ZS","","","","","","","","","","","","","","","","","","","","","","","","","","","","","","","","","","","","","","","","","69.58312","68.73439","","","","72.70226","","","","","","58.28794","","","","","",
"Lebanon","LBN","Literacy rate, adult total (% of people ages 15 and above)","SE.ADT.LITR.ZS","","","","","","","","","","","","","","","","","","","","","","","","","","","","","","","","","","","","","","","","","","","","","","","","89.61244","","91.18419","","","","","","","",
"Liberia","LBR","Literacy rate, adult total (% of people ages 15 and above)","SE.ADT.LITR.ZS","","","","","","","","","","","","","","","","","","","","","","","","","","","","","","","","","","","","","","","","","","","","","","","","42.94108","","","","","","","","","",
"Libya","LBY","Literacy rate, adult total (% of people ages 15 and above)","SE.ADT.LITR.ZS","","","","","","","","","","","","","","","","","","","","","","","","","","","","","","","","","","","","","","","","","","","","","","","","","","","","","","","","","",
"St. Lucia","LCA","Literacy rate, adult total (% of people ages 15 and above)","SE.ADT.LITR.ZS","","","","","","","","","","","","","","","","","","","","","","","","","","","","","","","","","","","","","","","","","","","","","","","","","","","","","","","","","",
"Latin America & Caribbean","LCN","Literacy rate, adult total (% of people ages 15 and above)","SE.ADT.LITR.ZS","","","","","","","","","","","","","","","","","","","","","","","","","","","","","","","","","","","","","","","","","","","","","","","","","","","","","","","","","",
"Least developed countries: UN classification","LDC","Literacy rate, adult total (% of people ages 15 and above)","SE.ADT.LITR.ZS","","","","","","","","","","","","","","","","","","","","","","","","","","","","","","","","","","","","","","","","","","","","","","","","","","","","","","","","","",
"Low income","LIC","Literacy rate, adult total (% of people ages 15 and above)","SE.ADT.LITR.ZS","","","","","","","","","","","","","","","","","","","","","","","","","","","","","","","","","","","","","","","","50.34502","50.67088","51.36116","51.64633","52.2903","54.1117","53.26303","53.08421","54.23258","53.40461","54.6644","54.75829","56.81752","57.95468","58.38585","59.2793","59.75239","60.58161",
"Liechtenstein","LIE","Literacy rate, adult total (% of people ages 15 and above)","SE.ADT.LITR.ZS","","","","","","","","","","","","","","","","","","","","","","","","","","","","","","","","","","","","","","","","","","","","","","","","","","","","","","","","","",
"Sri Lanka","LKA","Literacy rate, adult total (% of people ages 15 and above)","SE.ADT.LITR.ZS","","","","","","","","","","","","","","","","","","","","","","","","","","","","","","","","","","","","","","","","","","90.68275","","","","","90.80883","","90.55795","","91.18136","","","","","","",
"Lower middle income","LMC","Literacy rate, adult total (% of people ages 15 and above)","SE.ADT.LITR.ZS","","","","","","","","","","","","","","","","","","","","","","","","","","","","","","","","","","","","","","","","66.48792","66.67575","67.18486","68.01937","68.84452","69.55523","69.40597","69.41222","69.83738","70.7936","71.43398","72.71435","72.24664","74.21019","74.65994","75.36975","75.83826","76.35028",
"Low & middle income","LMY","Literacy rate, adult total (% of people ages 15 and above)","SE.ADT.LITR.ZS","","","","","","","","","","","","","","","","","","","","","","","","","","","","","","","","","","","","","","","","","","","","","","","","","","","","","","","","","",
"Lesotho","LSO","Literacy rate, adult total (% of people ages 15 and above)","SE.ADT.LITR.ZS","","","","","","","","","","","","","","","","","","","","","","","","","","","","","","","","","","","","","","","","","86.25443","","","","","","","","","75.8002","","","","","76.6352","","",
"Late-demographic dividend","LTE","Literacy rate, adult total (% of people ages 15 and above)","SE.ADT.LITR.ZS","","","","","","","","","","","","","","","","","","","","","","","","","","","","","","","","","","","","","","","","","","","","","","","","","","","","","","","","","",
"Lithuania","LTU","Literacy rate, adult total (% of people ages 15 and above)","SE.ADT.LITR.ZS","","","","","","","","","","","","","","","","","","","","","","","","","","","","","","","","","","","","","","","","","","99.64575","","","","","","","","","","99.8156","","","","","",
"Luxembourg","LUX","Literacy rate, adult total (% of people ages 15 and above)","SE.ADT.LITR.ZS","","","","","","","","","","","","","","","","","","","","","","","","","","","","","","","","","","","","","","","","","","","","","","","","","","","","","","","","","",
"Latvia","LVA","Literacy rate, adult total (% of people ages 15 and above)","SE.ADT.LITR.ZS","","","","","","","","","","","","","","","","","","","","","","","","","","","","","","","","","","","","","","","","","99.74657","","","","","","","","","","","99.8959","","","","","",
"Macao SAR, China","MAC","Literacy rate, adult total (% of people ages 15 and above)","SE.ADT.LITR.ZS","","","","","","","","","","","","","","","","","","","","","","","","","","","","","","","","","","","","","","","","","","91.29537","","","","","93.49975","","","","","95.64004","","","","","96.53849",
"St. Martin (French part)","MAF","Literacy rate, adult total (% of people ages 15 and above)","SE.ADT.LITR.ZS","","","","","","","","","","","","","","","","","","","","","","","","","","","","","","","","","","","","","","","","","","","","","","","","","","","","","","","","","",
"Morocco","MAR","Literacy rate, adult total (% of people ages 15 and above)","SE.ADT.LITR.ZS","","","","","","","","","","","","","","","","","","","","","","","","","","","","","","","","","","","","","","","","","","","","","52.30626","","","","55.14792","56.08367","","67.08416","69.42539","","","","",
"Monaco","MCO","Literacy rate, adult total (% of people ages 15 and above)","SE.ADT.LITR.ZS","","","","","","","","","","","","","","","","","","","","","","","","","","","","","","","","","","","","","","","","","","","","","","","","","","","","","","","","","",
"Moldova","MDA","Literacy rate, adult total (% of people ages 15 and above)","SE.ADT.LITR.ZS","","","","","","","","","","","","","","","","","","","","","","","","","","","","","","","","","","","","","","","","","96.6538","","","","","","","","","","","","99.13831","","","","",
"Madagascar","MDG","Literacy rate, adult total (% of people ages 15 and above)","SE.ADT.LITR.ZS","","","","","","","","","","","","","","","","","","","","","","","","","","","","","","","","","","","","","","","","","70.68617","","","","","","","","","64.48091","","","71.57262","","","","",
"Maldives","MDV","Literacy rate, adult total (% of people ages 15 and above)","SE.ADT.LITR.ZS","","","","","","","","","","","","","","","","","","","","","","","","","","","","","","","","","","","","","","","","","","","","","","","98.3979","","","","","","","","98.61012","","",
"Middle East & North Africa","MEA","Literacy rate, adult total (% of people ages 15 and above)","SE.ADT.LITR.ZS","","","","","","","","","","","","","","","","","","","","","","","","","","","","","","","","","","","","","","","","","","","","","","","","","","","","","","","","","",
"Mexico","MEX","Literacy rate, adult total (% of people ages 15 and above)","SE.ADT.LITR.ZS","","","","","","","","","","","","","","","","","","","","","","","","","","","","","","","","","","","","","","","","","90.53562","","90.27465","","90.95374","91.63027","91.73452","92.79517","92.9256","93.44188","93.06894","93.51998","94.2284","93.96285","94.55588","94.47228","",
"Marshall Islands","MHL","Literacy rate, adult total (% of people ages 15 and above)","SE.ADT.LITR.ZS","","","","","","","","","","","","","","","","","","","","","","","","","","","","","","","","","","","","","","","","","","","","","","","","","","","","98.26508","","","","","",
"Middle income","MIC","Literacy rate, adult total (% of people ages 15 and above)","SE.ADT.LITR.ZS","","","","","","","","","","","","","","","","","","","","","","","","","","","","","","","","","","","","","","","","79.06715","79.31068","79.64893","80.11368","80.77113","81.30263","81.37667","81.43143","82.0694","82.61116","82.98731","83.58961","83.48173","84.45964","84.648","85.05551","85.35088","85.64068",
"Macedonia, FYR","MKD","Literacy rate, adult total (% of people ages 15 and above)","SE.ADT.LITR.ZS","","","","","","","","","","","","","","","","","","","","","","","","","","","","","","","","","","","","","","","","","","","96.12893","","","","","","","","","","","","","","",
"Mali","MLI","Literacy rate, adult total (% of people ages 15 and above)","SE.ADT.LITR.ZS","","","","","","","","","","","","","","","","","","","","","","","","","","","","","","","","","","","","","","","","","","","","24","","","26.17655","","","","31.09975","33.56094","","","","33.06889","",
"Malta","MLT","Literacy rate, adult total (% of people ages 15 and above)","SE.ADT.LITR.ZS","","","","","","","","","","","","","","","","","","","","","","","","","","","","","","","","","","","","","","","","","","","","","","92.36309","","","","","","93.30736","","","","","",
"Myanmar","MMR","Literacy rate, adult total (% of people ages 15 and above)","SE.ADT.LITR.ZS","","","","","","","","","","","","","","","","","","","","","","","","","","","","","","","","","","","","","","","","","89.94176","","","","","","","","","","","","","","","","75.5512",
"Middle East & North Africa (excluding high income)","MNA","Literacy rate, adult total (% of people ages 15 and above)","SE.ADT.LITR.ZS","","","","","","","","","","","","","","","","","","","","","","","","","","","","","","","","","","","","","","","","","","","","","","","","","","","","","","","","","",
"Montenegro","MNE","Literacy rate, adult total (% of people ages 15 and above)","SE.ADT.LITR.ZS","","","","","","","","","","","","","","","","","","","","","","","","","","","","","","","","","","","","","","","","","","","","97.77346","","","","","","","","98.44221","","","","","",
"Mongolia","MNG","Literacy rate, adult total (% of people ages 15 and above)","SE.ADT.LITR.ZS","","","","","","","","","","","","","","","","","","","","","","","","","","","","","","","","","","","","","","","","","97.76885","","","","","","","","","","98.257","","","","","","",
"Northern Mariana Islands","MNP","Literacy rate, adult total (% of people ages 15 and above)","SE.ADT.LITR.ZS","","","","","","","","","","","","","","","","","","","","","","","","","","","","","","","","","","","","","","","","","","","","","","","","","","","","","","","","","",
"Mozambique","MOZ","Literacy rate, adult total (% of people ages 15 and above)","SE.ADT.LITR.ZS","","","","","","","","","","","","","","","","","","","","","","","","","","","","","","","","","","","","","","","","","","","","48.15884","","","","","","50.58381","","","","","","","",
"Mauritania","MRT","Literacy rate, adult total (% of people ages 15 and above)","SE.ADT.LITR.ZS","","","","","","","","","","","","","","","","","","","","","","","","","","","","","","","","","","","","","","","","","51.20768","","","","","","","45.50378","","","","","","","","","",
"Mauritius","MUS","Literacy rate, adult total (% of people ages 15 and above)","SE.ADT.LITR.ZS","","","","","","","","","","","","","","","","","","","","","","","","","","","","","","","","","","","","","","","","","84.30309","","","","","","","","","","","89.24984","91.76601","91.49003","92.47476","92.7076","",
"Malawi","MWI","Literacy rate, adult total (% of people ages 15 and above)","SE.ADT.LITR.ZS","","","","","","","","","","","","","","","","","","","","","","","","","","","","","","","","","","","","","","","","","","","","","","","","","","","61.30972","","","","65.14537","62.14354","",
"Malaysia","MYS","Literacy rate, adult total (% of people ages 15 and above)","SE.ADT.LITR.ZS","","","","","","","","","","","","","","","","","","","","","","","","","","","","","","","","","","","","","","","","","88.68776","","","","","","","","","","93.11789","","","","","","",
"North America","NAC","Literacy rate, adult total (% of people ages 15 and above)","SE.ADT.LITR.ZS","","","","","","","","","","","","","","","","","","","","","","","","","","","","","","","","","","","","","","","","","","","","","","","","","","","","","","","","","",
"Namibia","NAM","Literacy rate, adult total (% of people ages 15 and above)","SE.ADT.LITR.ZS","","","","","","","","","","","","","","","","","","","","","","","","","","","","","","","","","","","","","","","","","","84.94426","","","","","","76.48659","","","","88.27463","","","","","",
"New Caledonia","NCL","Literacy rate, adult total (% of people ages 15 and above)","SE.ADT.LITR.ZS","","","","","","","","","","","","","","","","","","","","","","","","","","","","","","","","","","","","","","","","","","","","","","","","","","","","","","","","","",
"Niger","NER","Literacy rate, adult total (% of people ages 15 and above)","SE.ADT.LITR.ZS","","","","","","","","","","","","","","","","","","","","","","","","","","","","","","","","","","","","","","","","","","14.37604","","","","28.67242","","","","","","","15.4567","","","","",
"Nigeria","NGA","Literacy rate, adult total (% of people ages 15 and above)","SE.ADT.LITR.ZS","","","","","","","","","","","","","","","","","","","","","","","","","","","","","","","","","","","","","","","","","","","","54.77318","","","","","51.07766","","","","","","","","",
"Nicaragua","NIC","Literacy rate, adult total (% of people ages 15 and above)","SE.ADT.LITR.ZS","","","","","","","","","","","","","","","","","","","","","","","","","","","","","","","","","","","","","","","","","","76.67713","","","","78.00298","","","","","","","","","","","",
"Netherlands","NLD","Literacy rate, adult total (% of people ages 15 and above)","SE.ADT.LITR.ZS","","","","","","","","","","","","","","","","","","","","","","","","","","","","","","","","","","","","","","","","","","","","","","","","","","","","","","","","","",
"Norway","NOR","Literacy rate, adult total (% of people ages 15 and above)","SE.ADT.LITR.ZS","","","","","","","","","","","","","","","","","","","","","","","","","","","","","","","","","","","","","","","","","","","","","","","","","","","","","","","","","",
"Nepal","NPL","Literacy rate, adult total (% of people ages 15 and above)","SE.ADT.LITR.ZS","","","","","","","","","","","","","","","","","","","","","","","","","","","","","","","","","","","","","","","","","","48.60897","","","","","","","","","","59.62725","","","","","",
"Nauru","NRU","Literacy rate, adult total (% of people ages 15 and above)","SE.ADT.LITR.ZS","","","","","","","","","","","","","","","","","","","","","","","","","","","","","","","","","","","","","","","","","","","","","","","","","","","","","","","","","",
"New Zealand","NZL","Literacy rate, adult total (% of people ages 15 and above)","SE.ADT.LITR.ZS","","","","","","","","","","","","","","","","","","","","","","","","","","","","","","","","","","","","","","","","","","","","","","","","","","","","","","","","","",
"OECD members","OED","Literacy rate, adult total (% of people ages 15 and above)","SE.ADT.LITR.ZS","","","","","","","","","","","","","","","","","","","","","","","","","","","","","","","","","","","","","","","","","","","","","","","","","","","","","","","","","",
"Oman","OMN","Literacy rate, adult total (% of people ages 15 and above)","SE.ADT.LITR.ZS","","","","","","","","","","","","","","","","","","","","","","","","","","","","","","","","","","","","","","","","","","","","81.36331","","","","","86.62114","","86.939","","","","91.9812","93.03861","",
"Other small states","OSS","Literacy rate, adult total (% of people ages 15 and above)","SE.ADT.LITR.ZS","","","","","","","","","","","","","","","","","","","","","","","","","","","","","","","","","","","","","","","","","","","","","","","","","","","","","","","","","",
"Pakistan","PAK","Literacy rate, adult total (% of people ages 15 and above)","SE.ADT.LITR.ZS","","","","","","","","","","","","","","","","","","","","","","","","","","","","","","","","","","","","","","","","","","","","","","49.87364","54.15121","","55.52637","54.89264","55.37519","54.73802","56.76434","55.59499","56.97715","","",
"Panama","PAN","Literacy rate, adult total (% of people ages 15 and above)","SE.ADT.LITR.ZS","","","","","","","","","","","","","","","","","","","","","","","","","","","","","","","","","","","","","","","","","91.89962","","","","","","","","","","94.09412","","","","","","",
"Peru","PER","Literacy rate, adult total (% of people ages 15 and above)","SE.ADT.LITR.ZS","","","","","","","","","","","","","","","","","","","","","","","","","","","","","","","","","","","","","","","","","","","","","87.66985","87.90867","88.69934","89.59081","","","","","93.84173","","93.70795","94.16234","94.17367",
"Philippines","PHL","Literacy rate, adult total (% of people ages 15 and above)","SE.ADT.LITR.ZS","","","","","","","","","","","","","","","","","","","","","","","","","","","","","","","","","","","","","","","","","92.60006","","","92.59069","","","","","95.4201","","","","","96.398","","","",
"Palau","PLW","Literacy rate, adult total (% of people ages 15 and above)","SE.ADT.LITR.ZS","","","","","","","","","","","","","","","","","","","","","","","","","","","","","","","","","","","","","","","","","","","","","","","","","","","","","","99.50313","","96.59374","",
"Papua New Guinea","PNG","Literacy rate, adult total (% of people ages 15 and above)","SE.ADT.LITR.ZS","","","","","","","","","","","","","","","","","","","","","","","","","","","","","","","","","","","","","","","","","57.34326","","","","","","","","","","","","","","","","",
"Poland","POL","Literacy rate, adult total (% of people ages 15 and above)","SE.ADT.LITR.ZS","","","","","","","","","","","","","","","","","","","","","","","","","","","","","","","","","","","","","","","","","","","","","","","","","","","","","","","","","",
"Pre-demographic dividend","PRE","Literacy rate, adult total (% of people ages 15 and above)","SE.ADT.LITR.ZS","","","","","","","","","","","","","","","","","","","","","","","","","","","","","","","","","","","","","","","","","","","","","","","","","","","","","","","","","",
"Puerto Rico","PRI","Literacy rate, adult total (% of people ages 15 and above)","SE.ADT.LITR.ZS","","","","","","","","","","","","","","","","","","","","","","","","","","","","","","","","","","","","","","","","","","","","","","","","","","","91.96523","","","","","","",
"Korea, Dem. People’s Rep.","PRK","Literacy rate, adult total (% of people ages 15 and above)","SE.ADT.LITR.ZS","","","","","","","","","","","","","","","","","","","","","","","","","","","","","","","","","","","","","","","","","","","","","","","","","99.99819","","","","","","","","",
"Portugal","PRT","Literacy rate, adult total (% of people ages 15 and above)","SE.ADT.LITR.ZS","","","","","","","","","","","","","","","","","","","","","","","","","","","","","","","","","","","","","","","","","","","","","","","","","","","","94.47705","","","","","",
"Paraguay","PRY","Literacy rate, adult total (% of people ages 15 and above)","SE.ADT.LITR.ZS","","","","","","","","","","","","","","","","","","","","","","","","","","","","","","","","","","","","","","","","","","","","","","","","94.55822","93.29208","93.75424","93.87092","","","","94.61672","95.0727","",
"West Bank and Gaza","PSE","Literacy rate, adult total (% of people ages 15 and above)","SE.ADT.LITR.ZS","","","","","","","","","","","","","","","","","","","","","","","","","","","","","","","","","","","","","","","","","","","","","92.27997","","93.45001","93.88214","92.53616","94.59917","94.93201","95.26724","95.90622","96.2849","96.42839","96.69073","96.93023",
"Pacific island small states","PSS","Literacy rate, adult total (% of people ages 15 and above)","SE.ADT.LITR.ZS","","","","","","","","","","","","","","","","","","","","","","","","","","","","","","","","","","","","","","","","","","","","","","","","","","","","","","","","","",
"Post-demographic dividend","PST","Literacy rate, adult total (% of people ages 15 and above)","SE.ADT.LITR.ZS","","","","","","","","","","","","","","","","","","","","","","","","","","","","","","","","","","","","","","","","","","","","","","","","","","","","","","","","","",
"French Polynesia","PYF","Literacy rate, adult total (% of people ages 15 and above)","SE.ADT.LITR.ZS","","","","","","","","","","","","","","","","","","","","","","","","","","","","","","","","","","","","","","","","","","","","","","","","","","","","","","","","","",
"Qatar","QAT","Literacy rate, adult total (% of people ages 15 and above)","SE.ADT.LITR.ZS","","","","","","","","","","","","","","","","","","","","","","","","","","","","","","","","","","","","","","","","","","","","","88.96239","","","93.08274","93.98973","94.72429","96.28374","96.40687","96.67859","97.47785","97.74669","","",
"Romania","ROU","Literacy rate, adult total (% of people ages 15 and above)","SE.ADT.LITR.ZS","","","","","","","","","","","","","","","","","","","","","","","","","","","","","","","","","","","","","","","","","","","97.29759","","","","","","","","","98.60429","","","","","",
"Russian Federation","RUS","Literacy rate, adult total (% of people ages 15 and above)","SE.ADT.LITR.ZS","","","","","","","","","","","","","","","","","","","","","","","","","","","","","","","","","","","","","","","","","","","99.44097","","","","","","","","99.68427","","","","","","",
"Rwanda","RWA","Literacy rate, adult total (% of people ages 15 and above)","SE.ADT.LITR.ZS","","","","","","","","","","","","","","","","","","","","","","","","","","","","","","","","","","","","","","","","","64.8886","","","","","","","","","","65.85227","","68.33103","","","","",
"South Asia","SAS","Literacy rate, adult total (% of people ages 15 and above)","SE.ADT.LITR.ZS","","","","","","","","","","","","","","","","","","","","","","","","","","","","","","","","","","","","","","","","","","","","","","","","","","","","","","","","","",
"Saudi Arabia","SAU","Literacy rate, adult total (% of people ages 15 and above)","SE.ADT.LITR.ZS","","","","","","","","","","","","","","","","","","","","","","","","","","","","","","","","","","","","","","","","","79.35094","","","","82.85774","","","","","","","","","94.42634","","","",
"Sudan","SDN","Literacy rate, adult total (% of people ages 15 and above)","SE.ADT.LITR.ZS","","","","","","","","","","","","","","","","","","","","","","","","","","","","","","","","","","","","","","","","","61.34587","","","","","","","","53.51738","","","","","","","","",
"Senegal","SEN","Literacy rate, adult total (% of people ages 15 and above)","SE.ADT.LITR.ZS","","","","","","","","","","","","","","","","","","","","","","","","","","","","","","","","","","","","","","","","","","","39.27525","","","","41.89115","","","49.69513","","52.05196","","42.8175","","","",
"Singapore","SGP","Literacy rate, adult total (% of people ages 15 and above)","SE.ADT.LITR.ZS","","","","","","","","","","","","","","","","","","","","","","","","","","","","","","","","","","","","","","","","","92.5494","","","","","","","","","","95.85733","96.18608","96.36979","96.54808","96.71666","96.82549","97.04959",
"Solomon Islands","SLB","Literacy rate, adult total (% of people ages 15 and above)","SE.ADT.LITR.ZS","","","","","","","","","","","","","","","","","","","","","","","","","","","","","","","","","","","","","","","","76.6","","","","","","","","","","","","","","","","","",
"Sierra Leone","SLE","Literacy rate, adult total (% of people ages 15 and above)","SE.ADT.LITR.ZS","","","","","","","","","","","","","","","","","","","","","","","","","","","","","","","","","","","","","","","","","","","","","34.82679","","","","","","","","","32.42617","","","",
"El Salvador","SLV","Literacy rate, adult total (% of people ages 15 and above)","SE.ADT.LITR.ZS","","","","","","","","","","","","","","","","","","","","","","","","","","","","","","","","","","","","","","","","","","","","","","","83.55946","82.02863","83.9513","84.10289","84.49272","85.49399","","86.76758","","87.96985","",
"San Marino","SMR","Literacy rate, adult total (% of people ages 15 and above)","SE.ADT.LITR.ZS","","","","","","","","","","","","","","","","","","","","","","","","","","","","","","","","","","","","","","","","","","","","","","","","","","","","","","","","","",
"Somalia","SOM","Literacy rate, adult total (% of people ages 15 and above)","SE.ADT.LITR.ZS","","","","","","","","","","","","","","","","","","","","","","","","","","","","","","","","","","","","","","","","","","","","","","","","","","","","","","","","","",
"Serbia","SRB","Literacy rate, adult total (% of people ages 15 and above)","SE.ADT.LITR.ZS","","","","","","","","","","","","","","","","","","","","","","","","","","","","","","","","","","","","","","","","","","","","","","","","","","","","97.96241","","","","","98.84151",
"Sub-Saharan Africa (excluding high income)","SSA","Literacy rate, adult total (% of people ages 15 and above)","SE.ADT.LITR.ZS","","","","","","","","","","","","","","","","","","","","","","","","","","","","","","","","","","","","","","","","","","","","","","","","","","","","","","","","","",
"South Sudan","SSD","Literacy rate, adult total (% of people ages 15 and above)","SE.ADT.LITR.ZS","","","","","","","","","","","","","","","","","","","","","","","","","","","","","","","","","","","","","","","","","","","","","","","","","26.83128","","","","","","","","",
"Sub-Saharan Africa","SSF","Literacy rate, adult total (% of people ages 15 and above)","SE.ADT.LITR.ZS","","","","","","","","","","","","","","","","","","","","","","","","","","","","","","","","","","","","","","","","","","","","","","","","","","","","","","","","","",
"Small states","SST","Literacy rate, adult total (% of people ages 15 and above)","SE.ADT.LITR.ZS","","","","","","","","","","","","","","","","","","","","","","","","","","","","","","","","","","","","","","","","","","","","","","","","","","","","","","","","","",
"Sao Tome and Principe","STP","Literacy rate, adult total (% of people ages 15 and above)","SE.ADT.LITR.ZS","","","","","","","","","","","","","","","","","","","","","","","","","","","","","","","","","","","","","","","","","","84.90851","","","","","","","69.53639","","","","90.1431","","","","",
"Suriname","SUR","Literacy rate, adult total (% of people ages 15 and above)","SE.ADT.LITR.ZS","","","","","","","","","","","","","","","","","","","","","","","","","","","","","","","","","","","","","","","","","","","","","89.59806","","","","94.62094","","94.67575","","92.86866","","","","",
"Slovak Republic","SVK","Literacy rate, adult total (% of people ages 15 and above)","SE.ADT.LITR.ZS","","","","","","","","","","","","","","","","","","","","","","","","","","","","","","","","","","","","","","","","","","","","","","","","","","","","","","","","","",
"Slovenia","SVN","Literacy rate, adult total (% of people ages 15 and above)","SE.ADT.LITR.ZS","","","","","","","","","","","","","","","","","","","","","","","","","","","","","","","","","","","","","","","","","","","","","","","","","","","","","","","","","",
"Sweden","SWE","Literacy rate, adult total (% of people ages 15 and above)","SE.ADT.LITR.ZS","","","","","","","","","","","","","","","","","","","","","","","","","","","","","","","","","","","","","","","","","","","","","","","","","","","","","","","","","",
"Swaziland","SWZ","Literacy rate, adult total (% of people ages 15 and above)","SE.ADT.LITR.ZS","","","","","","","","","","","","","","","","","","","","","","","","","","","","","","","","","","","","","","","","","81.6607","","","","","","","","","","83.09829","","","","","","",
"Sint Maarten (Dutch part)","SXM","Literacy rate, adult total (% of people ages 15 and above)","SE.ADT.LITR.ZS","","","","","","","","","","","","","","","","","","","","","","","","","","","","","","","","","","","","","","","","","","","","","","","","","","","","","","","","","",
"Seychelles","SYC","Literacy rate, adult total (% of people ages 15 and above)","SE.ADT.LITR.ZS","","","","","","","","","","","","","","","","","","","","","","","","","","","","","","","","","","","","","","","","","","","91.83646","","","","","","","","93.95423","","","","","","",
"Syrian Arab Republic","SYR","Literacy rate, adult total (% of people ages 15 and above)","SE.ADT.LITR.ZS","","","","","","","","","","","","","","","","","","","","","","","","","","","","","","","","","","","","","","","","","","","82.88825","","80.84452","","","","","","","","","","","","",
"Turks and Caicos Islands","TCA","Literacy rate, adult total (% of people ages 15 and above)","SE.ADT.LITR.ZS","","","","","","","","","","","","","","","","","","","","","","","","","","","","","","","","","","","","","","","","","","","","","","","","","","","","","","","","","",
"Chad","TCD","Literacy rate, adult total (% of people ages 15 and above)","SE.ADT.LITR.ZS","","","","","","","","","","","","","","","","","","","","","","","","","","","","","","","","","","","","","","","","","25.65421","","","","28.38143","","","","","","","","","","","26.00299","22.31155",
"East Asia & Pacific (IDA & IBRD countries)","TEA","Literacy rate, adult total (% of people ages 15 and above)","SE.ADT.LITR.ZS","","","","","","","","","","","","","","","","","","","","","","","","","","","","","","","","","","","","","","","","","","","","","","","","","","","","","","","","","",
"Europe & Central Asia (IDA & IBRD countries)","TEC","Literacy rate, adult total (% of people ages 15 and above)","SE.ADT.LITR.ZS","","","","","","","","","","","","","","","","","","","","","","","","","","","","","","","","","","","","","","","","","","","","","","","","","","","","","","","","","",
"Togo","TGO","Literacy rate, adult total (% of people ages 15 and above)","SE.ADT.LITR.ZS","","","","","","","","","","","","","","","","","","","","","","","","","","","","","","","","","","","","","","","","","53.1776","","","","","","56.88837","","","57.09338","","60.40994","","","","63.74562","",
"Thailand","THA","Literacy rate, adult total (% of people ages 15 and above)","SE.ADT.LITR.ZS","","","","","","","","","","","","","","","","","","","","","","","","","","","","","","","","","","","","","","","","","92.64654","","","","","93.50647","","","","","96.43091","","","93.70207","","92.86831","",
"Tajikistan","TJK","Literacy rate, adult total (% of people ages 15 and above)","SE.ADT.LITR.ZS","","","","","","","","","","","","","","","","","","","","","","","","","","","","","","","","","","","","","","","","","99.45068","","","","","","","","","","","","","","","","",
"Turkmenistan","TKM","Literacy rate, adult total (% of people ages 15 and above)","SE.ADT.LITR.ZS","","","","","","","","","","","","","","","","","","","","","","","","","","","","","","","","","","","","","","","","","","","","","","","","","","","","","","","","","",
"Latin America & the Caribbean (IDA & IBRD countries)","TLA","Literacy rate, adult total (% of people ages 15 and above)","SE.ADT.LITR.ZS","","","","","","","","","","","","","","","","","","","","","","","","","","","","","","","","","","","","","","","","","","","","","","","","","","","","","","","","","",
"Timor-Leste","TLS","Literacy rate, adult total (% of people ages 15 and above)","SE.ADT.LITR.ZS","","","","","","","","","","","","","","","","","","","","","","","","","","","","","","","","","","","","","","","","","","37.6","","","","","","50.6","","","58.30898","","","","","","",
"Middle East & North Africa (IDA & IBRD countries)","TMN","Literacy rate, adult total (% of people ages 15 and above)","SE.ADT.LITR.ZS","","","","","","","","","","","","","","","","","","","","","","","","","","","","","","","","","","","","","","","","","","","","","","","","","","","","","","","","","",
"Tonga","TON","Literacy rate, adult total (% of people ages 15 and above)","SE.ADT.LITR.ZS","","","","","","","","","","","","","","","","","","","","","","","","","","","","","","","","","","","","","","","","","","","","","","","99.01846","","","","","99.38553","","","","","",
"South Asia (IDA & IBRD)","TSA","Literacy rate, adult total (% of people ages 15 and above)","SE.ADT.LITR.ZS","","","","","","","","","","","","","","","","","","","","","","","","","","","","","","","","","","","","","","","","","","","","","","","","","","","","","","","","","",
"Sub-Saharan Africa (IDA & IBRD countries)","TSS","Literacy rate, adult total (% of people ages 15 and above)","SE.ADT.LITR.ZS","","","","","","","","","","","","","","","","","","","","","","","","","","","","","","","","","","","","","","","","","","","","","","","","","","","","","","","","","",
"Trinidad and Tobago","TTO","Literacy rate, adult total (% of people ages 15 and above)","SE.ADT.LITR.ZS","","","","","","","","","","","","","","","","","","","","","","","","","","","","","","","","","","","","","","","","","","","","","","","","","","","","","","","","","",
"Tunisia","TUN","Literacy rate, adult total (% of people ages 15 and above)","SE.ADT.LITR.ZS","","","","","","","","","","","","","","","","","","","","","","","","","","","","","","","","","","","","","","","","","","","","","74.297","","","77.1904","77.56113","","79.13058","79.65391","80.21875","","79.03643","","",
"Turkey","TUR","Literacy rate, adult total (% of people ages 15 and above)","SE.ADT.LITR.ZS","","","","","","","","","","","","","","","","","","","","","","","","","","","","","","","","","","","","","","","","","","","","","87.36549","88.22906","88.11939","88.6559","","90.81672","92.6606","94.10609","94.91975","95.25666","95.43963","95.60142","",
"Tuvalu","TUV","Literacy rate, adult total (% of people ages 15 and above)","SE.ADT.LITR.ZS","","","","","","","","","","","","","","","","","","","","","","","","","","","","","","","","","","","","","","","","","","","","","","","","","","","","","","","","","",
"Tanzania","TZA","Literacy rate, adult total (% of people ages 15 and above)","SE.ADT.LITR.ZS","","","","","","","","","","","","","","","","","","","","","","","","","","","","","","","","","","","","","","","","","","","69.4309","","","","","","","","67.8007","","78.10059","","","77.88723","",
"Uganda","UGA","Literacy rate, adult total (% of people ages 15 and above)","SE.ADT.LITR.ZS","","","","","","","","","","","","","","","","","","","","","","","","","","","","","","","","","","","","","","","","","","","68.14251","","","","71.37314","","","","73.21188","","70.19822","","","","",
"Ukraine","UKR","Literacy rate, adult total (% of people ages 15 and above)","SE.ADT.LITR.ZS","","","","","","","","","","","","","","","","","","","","","","","","","","","","","","","","","","","","","","","","","","99.43041","","","","","","","","","","","99.97435","","","","",
"Upper middle income","UMC","Literacy rate, adult total (% of people ages 15 and above)","SE.ADT.LITR.ZS","","","","","","","","","","","","","","","","","","","","","","","","","","","","","","","","","","","","","","","","90.16596","90.54035","90.78726","90.96641","91.50942","91.91894","92.24621","92.41738","93.3268","93.56802","93.78637","93.84457","94.1701","94.30538","94.34268","94.55732","94.78283","94.95296",
"Uruguay","URY","Literacy rate, adult total (% of people ages 15 and above)","SE.ADT.LITR.ZS","","","","","","","","","","","","","","","","","","","","","","","","","","","","","","","","","","","","","","","","","","","","","","","97.78963","97.86389","98.16356","98.26723","98.07271","98.3359","98.39594","98.36387","98.43593","98.52387","",
"United States","USA","Literacy rate, adult total (% of people ages 15 and above)","SE.ADT.LITR.ZS","","","","","","","","","","","","","","","","","","","","","","","","","","","","","","","","","","","","","","","","","","","","","","","","","","","","","","","","","",
"Uzbekistan","UZB","Literacy rate, adult total (% of people ages 15 and above)","SE.ADT.LITR.ZS","","","","","","","","","","","","","","","","","","","","","","","","","","","","","","","","","","","","","","","","","98.64258","","","","","","","","","","","","","99.99486","99.98055","99.98383","",
"St. Vincent and the Grenadines","VCT","Literacy rate, adult total (% of people ages 15 and above)","SE.ADT.LITR.ZS","","","","","","","","","","","","","","","","","","","","","","","","","","","","","","","","","","","","","","","","","","","","","","","","","","","","","","","","","",
"Venezuela, RB","VEN","Literacy rate, adult total (% of people ages 15 and above)","SE.ADT.LITR.ZS","","","","","","","","","","","","","","","","","","","","","","","","","","","","","","","","","","","","","","","","","","92.97983","","","","","","95.15464","","95.51199","","94.77022","","","","96.60522","97.12709",
"British Virgin Islands","VGB","Literacy rate, adult total (% of people ages 15 and above)","SE.ADT.LITR.ZS","","","","","","","","","","","","","","","","","","","","","","","","","","","","","","","","","","","","","","","","","","","","","","","","","","","","","","","","","",
"Virgin Islands (U.S.)","VIR","Literacy rate, adult total (% of people ages 15 and above)","SE.ADT.LITR.ZS","","","","","","","","","","","","","","","","","","","","","","","","","","","","","","","","","","","","","","","","","","","","","","","","","","","","","","","","","",
"Vietnam","VNM","Literacy rate, adult total (% of people ages 15 and above)","SE.ADT.LITR.ZS","","","","","","","","","","","","","","","","","","","","","","","","","","","","","","","","","","","","","","","","90.2783","90.15613","","","","","","","","","93.52045","","","","","","","",
"Vanuatu","VUT","Literacy rate, adult total (% of people ages 15 and above)","SE.ADT.LITR.ZS","","","","","","","","","","","","","","","","","","","","","","","","","","","","","","","","","","","","","","","","74","","","","","","","","","","","","","","","","","",
"World","WLD","Literacy rate, adult total (% of people ages 15 and above)","SE.ADT.LITR.ZS","","","","","","","","","","","","","","","","","","","","","","","","","","","","","","","","","","","","","","","","81.31425","81.48032","81.74314","82.07512","82.56752","83.03863","83.00066","82.99782","83.5107","83.83223","84.14787","84.5641","84.59739","85.36389","85.49051","85.80934","86.01721","86.24776",
"Samoa","WSM","Literacy rate, adult total (% of people ages 15 and above)","SE.ADT.LITR.ZS","","","","","","","","","","","","","","","","","","","","","","","","","","","","","","","","","","","","","","","","","","","","","","","","","","","","98.97326","","","","","",
"Kosovo","XKX","Literacy rate, adult total (% of people ages 15 and above)","SE.ADT.LITR.ZS","","","","","","","","","","","","","","","","","","","","","","","","","","","","","","","","","","","","","","","","","","","","","","","","","","","","","","","","","",
"Yemen, Rep.","YEM","Literacy rate, adult total (% of people ages 15 and above)","SE.ADT.LITR.ZS","","","","","","","","","","","","","","","","","","","","","","","","","","","","","","","","","","","","","","","","","","","","","","","","","","","","","","","","","",
"South Africa","ZAF","Literacy rate, adult total (% of people ages 15 and above)","SE.ADT.LITR.ZS","","","","","","","","","","","","","","","","","","","","","","","","","","","","","","","","","","","","","","","","","","","","","","","","88.71725","","92.89486","92.87732","93.10214","93.72947","","94.1399","94.36792","",
"Zambia","ZMB","Literacy rate, adult total (% of people ages 15 and above)","SE.ADT.LITR.ZS","","","","","","","","","","","","","","","","","","","","","","","","","","","","","","","","","","","","","","","","68.00179","","","69.14922","","","","","61.42829","","","83.00767","","","","","","",
"Zimbabwe","ZWE","Literacy rate, adult total (% of people ages 15 and above)","SE.ADT.LITR.ZS","","","","","","","","","","","","","","","","","","","","","","","","","","","","","","","","","","","","","","","","","","","","","","","","","","","","83.58271","","","88.69342","","",
